,Topic,Count,Name
0,-1,1680,-1_grand maester munkun_king aegon ii_ser criston cole_across narrow sea
1,0,218,0_grand maester mellos_commander city watch_iron throne corlys_behind scene video
2,1,141,1_velaryon sea snake_gedmund great axe_the sea snake_voyage sea snake
3,2,90,2_lord samwell blackwood_red robb rivers_ser amos bracken_three hundred men
4,3,60,3_st michael mount_behind scene video_filming location episode_altered deleted scene
5,4,57,4_confrontation lucerys aemond_princess rhaenyra son_prince aemond said_however queen alicent
6,5,54,5_grand maester munkun_king aegon iii_ser marston waters_said your grace
7,6,54,6_king landing mushroom_grand maester munkun_people king landing_the testimony mushroom
8,7,51,7_dragon never ridden_vhagar oldest largest_mount old king_rider queen helaena
9,8,51,8_iron bank braavos_lady larra brother_collapse rogare bank_ser tyland lannister
10,9,46,9_lord storm end_daughter cassandra ellyn_lord rogar seemed_daughter queen alyssa
11,10,43,10_wing torn body_tore one another_blast golden flame_the blood wyrm
12,11,40,11_wiki ice fire_the lord tides_king narrow sea_main article the
13,12,34,12_time put end_your grace lord_right first night_place lord may
14,13,33,13_starring cast member_credited appear episode_cooke alicent hightower_olivia cooke alicent
15,14,32,14_lord cregan stark_ser perkin flea_lord cregan son_hand uncrowned king
16,15,32,15_17 year old_year viserys reign_queen aemma died_16 year old
17,16,30,16_grand maester benifer_mother queen alyssa_septon barth grand_barth grand maester
18,17,29,17_august 21 2022_august 22 2022_2022 la times_times august 21
19,18,28,18_grand maester orwyle_grand maester mellos_head grand maester_lyonel say many
20,19,25,19_daemon targaryen returned_done lord husband_low place king_prince still friend
21,20,25,20_lord unwin peake_daughter myrielle favor_lord starpike lord_dunstonbury lord whitegrove
22,21,25,21_modest fishing village_king landing the_aegon high hill_52 ac began
23,22,24,22_child daughter named_sweet natured girl_queen alysanne child_80 ac queen
24,23,23,23_song ice fire_prince that was_that was promised_was promised song
25,24,21,24_this episode adapted_episode adapted chapter_dragon question succession_heirs dragon question
26,25,20,25_pate pig boy_67 ac three_reduce tear once_queen alysanne lord
27,26,20,26_viserys targaryen my_actually due deteriorating_targaryen my family_one young when
28,27,19,27_son named viserys_lord ruled dragonstone_targaryen lord ruled_ruled dragonstone conquest
29,28,18,28_kingdom three daughters_lys myr tyrosh_free cities lys_cities lys myr
30,29,18,29_george rr martin_companion book game_inside creation targaryen_prologue companion book
31,30,18,30_member appear episode_cast member appear_starring cast member_14 starring cast
32,31,18,31_dance dragons began_it war marked_one hundred eighty_planted 120 ac
33,32,18,32_ser willam wasp_abandoning stolen treasure_red keep bound_proclaiming day doom
34,33,17,33_ser lucas leygood_leygood gold cloak_lucas leygood gold_ser gareth long
35,34,16,34_year aegon conquest_131st year aegon_moon 131st year_seventh moon 131st
36,35,16,35_son daeron ii_103129 viserys 129131_fourth son daeron_209221 aerys second
37,36,16,36_across face rhaena_remained unconcerned it_she gone far_set right there
38,37,15,37_79 ac she_saera three year_restored favor done_refused weaned past
39,38,15,38_the house that_that dragons built_house that dragons_dragons built the
40,39,14,39_ser tyland lannister_ser otto hightower_lord jasper wylde_lord lyman beesbury
41,40,14,40_red keep godswood_conquest era targaryens_costume designer jany_designer jany temime
42,41,14,41_daemon targaryen he_allowed thrive no_side ten year_send away to
43,42,13,42_2022 hbo hbo_series overall it_season house dragon_episode first season
44,43,13,43_in king landing_landing in king_night king landing_king landing in
45,44,13,44_crystal crown septon_new high septon_his high holiness_133 ac new
46,45,13,45_0b6num8iske91jpg http wwwinstagramcom_ireddit wtljbelk3sb91jpg http_transcription translation daemon_uzsufrp2vhe91jpg http ireddit
47,46,12,46_premiere held august_held august 16_held august 17_11 amsterdam 30
48,47,12,47_all tonight go_septum make confession_men would frighten_proclamation pas sentence
49,48,11,48_lord commander queensguard_knight men arm_account naked vulnerable_put hand upon
50,49,11,49_take part fighting_she sent men_the seven pointed_seven pointed star
51,50,10,50_lord rogar war_third dornish war_fourth dornish war_first dornish war
52,51,10,51_king jaehaerys targaryen_103 ac king_progress vale arryn_rock great seat
